{"web":{"client_id":"880960686462-ng2l9g8jcv8ahhpr9iftrb1neecihe5b.apps.googleusercontent.com","project_id":"dogdog-320501","auth_uri":"https://accounts.google.com/o/oauth2/auth","token_uri":"https://oauth2.googleapis.com/token","auth_provider_x509_cert_url":"https://www.googleapis.com/oauth2/v1/certs","client_secret":"jKbsqwUxXCve1si9ypy4gQbe","redirect_uris":["http://127.0.0.1:5000/","http://127.0.0.1:5000/login","http://127.0.0.1:5000/google","http://127.0.0.1:5000/oauth2callback","http://127.0.0.1:5000/oauth2authorize"]}}